{
  "metaInfo": {
    "dataIndex": "config",
    "collectionName": "configObjects",
    "responseObjectName": "response"
  },
  "configObjects": [
    {
      "id": "rock-entity-create_pmioneproductmodel_uiConfig",
      "name": "rock-entity-create_pmioneproductmodel",
      "type": "uiConfig",
      "data": {
        "contexts": [
          {
            "context": {
              "component": "rock-entity-create",
              "entityType": "pmioneproductmodel"
            },
            "jsonData": {
              "config": {
                "properties": {
                  "matchConfig": {
                    "match-type": "deterministic"
                  },
                  "attributeNames": [
                    "pmioneproductgroup",
                    "pmionebrand",
                    "pmioneproductcategory",
                    "pmionemodelcode",
                    "pmionemodelname"
                  ]
                }
              }
            }
          }
        ]
      }
    }
  ]
}
